Workbook
Name _Toc254508019: 'Control-Version-Change'!$B$3
Name Administrator: Dropdowns!#REF!
Name Application: Dropdowns!#REF!
Name AWS: Dropdowns!#REF!
Name Azure: Dropdowns!#REF!
Name Compliance: Dropdowns!#REF!
Name Firewall: Dropdowns!#REF!
Name GPO: Dropdowns!#REF!
Name GroupUsageDropDown: #REF!
Name NTF_Permissions: Dropdowns!#REF!
Name Organization: Dropdowns!#REF!
Name Other: Dropdowns!#REF!
Name Printer: Dropdowns!#REF!
Name Remote_Desktop: Dropdowns!#REF!
Name Role_Based_Access: Dropdowns!#REF!
Name Server: Dropdowns!#REF!
Name SharePoint: Dropdowns!#REF!

Sheet CreateUser
A1: Domain (NETBIOS Name) | B1: AccountType | C1: Name (LogonID) For PA-C.. Accounts only | D1: FirstName | E1: MiddleName | F1: LastName | G1: ISO Country code | H1: User's HR ID | I1: company | J1: Owner | K1: Users LogonID in the Legacy Domain (If present) | L1: Description | M1: Add to group (Make memberOf) Domain\SamAccontName (delimited by ';') | N1: Unix Enabled User? | O1: Azure-enablement | P1: CustomAttribute1 | Q1: CustomAttribute2 | R1: CustomAttributeX
A2: DomainNBName | B2: employeeType | C2: sAMAccountName | D2: givenName | E2: initials | F2: sn | G2: c | H2: employeeID | I2: company | J2: ManagedBy/zOwner | K2: zLegacyUID | L2: description | M2: memberOf | N2: UnixEnabled | O2: cscmwsenabled | P2: CustomAttribute1 | Q2: ldap name | R2: ldap name

Sheet ModifyUser
A1: Domain (NETBIOS Name) | B1: Name (LogonID) | C1: Add to group (Make memberOf) Domain\SamAccontName (delimited by ';') | D1: REMOVE from Domain\SamAccontName (delimited by ';') '*' to remove all | E1: Unix enabled User? | F1: Azure-enablement | G1: Attribute1 | H1: Attribute2 | I1: AttributeX | J1: ServicePrincipleName | K1: SPN Delegation
A2: DomainNBName | B2: sAMAccountName | C2: ADD memberOf | D2: REM memberOf | E2: UnixEnabled | F2: cscmwsenabled | G2: givenName | H2: sn | I2: displayName | J2: servicePrincipleName | K2: Enter Trust Option

Sheet O365Licence
A6: This tab is for requesting amendments to O365 Licences. Please ensure the information entered is correct. For more information about the below, please see the "Global GAD Form Instructions" document on the "IAS-Global GAD" item within ServiceNow. | K6: ·ENTERPRISEPACK = Office 365 E3 ·EMS = Enterprise Mobility + Security E3 ·EXCHANGEENTERPRISE = Exchange Online Plan 2 ·Meeting_Room = Microsoft Teams Room Standard ·POWER_BI_PRO = Power BI Pro ·SPE_F1 = Microsoft F3
A7: Domain (NETBIOS Name) | B7: Group Name | C7: From Licence | D7: To Licence | E7: Is OneDrive Required | F7: Remove all licences | H7: Additional Comments
A8: DomainNBName | B8: sAMAccountName | H8: Any other relevant information

Sheet Dropdowns
A1: CheckBox | B1: Ous | C1: Bulk SVC | E1: O365 | H1: Gitdirqmm96 | K1: BU Drop down | L1: Enviornment (this should be a drop down for all group usages ) | N1: Group Usage | O1: Auto Generated Text | P1: Auto Generated Text | Q1: Auto Generated Text | R1: Auto Generated Text
A2: Yes | B2: Please select | C2: SVC | E2: Office 365 E3 | H2: 0 - Group hidden from PAM; Group hidden from MYACCESS | K2: Architecture and Solution Development | L2: Sandbox | N2: Administrator: | O2: Grants Administrative access to | P2: .Group is owned by the | Q2: BU in | R2: Environment.AppID:
A3: No | B3: zurich.com/AMER/Canada/ZNA/Service Accounts | C3: SVC | E3: Enterprise Mobility + Security E3 | H3: 1 - Group hidden from PAM; Group available in MYACCESS | K3: Argentina | L3: Development | N3: Application: | O3: Grants Access to the | P3: application. Group is owned by the | Q3: BU in | R3: Environment.AppID:
B4: zurich.com/AMER/United_States/Farmers/Service Accounts | C4: SVC | E4: Exchange Online Plan 2 | H4: 2 - Group available in PAM; Group hidden from MYACCESS | K4: Australia | L4: Stage | N4: Approver: | O4: Approver Group for | P4: Team, as part of the | Q4: BU in | R4: Environment.AppID:
B5: zurich.com/AMER/United_States/ZNA/Service Accounts | C5: SVC | E5: Microsoft Teams Room Standard | K5: Austria | L5: UAT | N5: Azure: | O5: Grants Access to | P5: within Azure, as part of | Q5: BU in | R5: Environment.AppID:
B6: zurich.com/APAC/Australia/Service Accounts | C6: SVC | E6: Power BI Pro | K6: Barcelona Delivery Center CoE | L6: Production | N6: Compliance: | O6: Used to manage | P6: for compliance, as part of | Q6: BU in | R6: Environment.AppID:
B7: zurich.com/APAC/China/Service Accounts | C7: SVC | E7: Microsoft F3 | K7: Bermuda | L7: DR | N7: Database: | O7: Grants Access to | P7: database. Group is owned by the | Q7: BU in | R7: Environment.AppID:
B8: zurich.com/APAC/Hong Kong/Service Accounts | C8: SVC | K8: Brazil | N8: Dynamic Group: | O8: Group containing: | P8: .Group is owned by the | Q8: BU in | R8: Environment.AppID:
B9: zurich.com/APAC/India/Service Accounts | C9: SVC | K9: BTS | N9: Firewall: | O9: Details of Firewall Rules attached to this group are | P9: .Group is owned by the | Q9: BU in | R9: Environment.AppID:
B10: zurich.com/APAC/Indonesia/Service Accounts | C10: SVC | K10: Canada | N10: Group Policy: | O10: Group Policy for | P10: .Group is owned by the | Q10: BU in | R10: Environment.AppID:
B11: zurich.com/APAC/Japan/Service Accounts | C11: SVC | K11: Central Europe | N11: NT File System (NTFS) Permissions: | O11: Grants Accesss to Fileshare/Folder | P11: .Group is owned by the | Q11: BU in | R11: Environment.AppID:
B12: zurich.com/APAC/Malaysia/Service Accounts | C12: SVC | K12: Chile | N12: Organization: | O12: Contains users from the | P12: Organisation. Group is owned by the | Q12: BU in | R12: Environment.AppID:
B13: zurich.com/APAC/Taiwan/Service Accounts | C13: SVC | K13: Colombia | N13: Printer: | O13: Grants Access to Printer and Location | P13: .Group is owned by the | Q13: BU in | R13: Environment.AppID:
B14: zurich.com/EMEA/Austria/Service Accounts | C14: SVC | K14: Commercial Insurance | N14: Published Application: | O14: Provides end users with access to an Azure Virtual Desktop profile grouping of Published Applications. | P14: for users in the | Q14: BU in | R14: Environment.AppID:
B15: zurich.com/EMEA/Bahrain/Service Accounts | C15: SVC | K15: Corporate Center | N15: Role Based Access: | O15: Role based access for the | P15: team as part of | Q15: BU in | R15: Environment.AppID:
B16: zurich.com/EMEA/Belgium/Service Accounts | C16: SVC | K16: CSC | N16: Remote Desktop Access: | O16: Grants Remote Desktop Access to machine: | P16: .Group is owned by the | Q16: BU in | R16: Environment.AppID:
B17: zurich.com/EMEA/Bermuda/Service Accounts | C17: SVC | K17: DBI | N17: SharePoint: | O17: Grants Access to | P17: SharePoint. Group is owned by the | Q17: BU in | R17: Environment.AppID:
B18: zurich.com/EMEA/Denmark/Service Accounts | C18: SVC | K18: DXC | N18: Server: | O18: Grants Access to server: | P18: .Group is owned by the | Q18: BU in | R18: Environment.AppID:
B19: zurich.com/EMEA/Finland/Service Accounts | C19: SVC | K19: Ecuador | N19: WorkStation: | O19: Grants Access to workstation: | P19: .Group is owned by the | Q19: BU in | R19: Environment.AppID:
B20: zurich.com/EMEA/France/Service Accounts | C20: SVC | K20: Farmers
B21: zurich.com/EMEA/Germany/Service Accounts | C21: SVC | K21: Farmers Bristol West
B22: zurich.com/EMEA/Ireland/Service Accounts | C22: SVC | K22: Farmers Business Insurance (Projects)
B23: zurich.com/EMEA/Isle of Man/Service Accounts | C23: SVC | K23: Farmers Claims
B24: zurich.com/EMEA/Italy/Service Accounts | C24: SVC | K24: Farmers Cloud Transformation
B25: zurich.com/EMEA/Kuwait/Service Accounts | C25: SVC | K25: Farmers Corporate Services
B26: zurich.com/EMEA/Lebanon/Service Accounts | C26: SVC | K26: Farmers Data/Innovation Architecture
B27: zurich.com/EMEA/Luxembourg/Service Accounts | C27: SVC | K27: Farmers Document Services and Logistics
B28: zurich.com/EMEA/Morocco/Service Accounts | C28: SVC | K28: Farmers Enterprise Data
B29: zurich.com/EMEA/Netherlands/Service Accounts | C29: SVC | K29: Farmers Enterprise Platform Systems
B30: zurich.com/EMEA/Norway/Service Accounts | C30: SVC | K30: Farmers Exchange
B31: zurich.com/EMEA/Oman/Service Accounts | C31: SVC | K31: Farmers FNWL
... B69: zurich.com/Supplier Services/Supp0009/Service Accounts | C69: SVC | K69: ZNA
B70: zurich.com/Supplier Services/Supp0010/Service Accounts | C70: SVC
B71: zurich.com/Supplier Services/Supp0011/Service Accounts | C71: SVC
B72: zurich.com/Supplier Services/Supp0012/Service Accounts | C72: SVC
B73: zurich.com/Supplier Services/Supp0013/Service Accounts

Sheet CreateGroup
A1: Please note: Creation of Groups in Zurich.com (GITDIR) and Zurich.UAT will no longer be accepted via this form and should be processed via https://resourceowner.zurich.com <- Click Link
A2: Domain (NETBIOS Name) | B2: GroupType L: Local G: Global U:Universal | C2: Name | D2: Owner | E2: SMTP email address | F2: What will the group be used for? | G2: Application/Server/Database etc ) | H2: Business Unit | I2: Enviornment | J2: APP ID (from CMDB) | K2: Description (auto populated) | L2: Add member Domain\SamAccontName (delimited by ';') | M2: Nesting (Make memberOf) Domain\SamAccontName (delimited by ';') | N2: Privileged Group will be consumed by PAM indicated by the value"Pgrp" | O2: Populated with APUID of the owner’s standard account | P2: Does group need to be syched to Azure? | Q2: Unix enabled group? | R2: Organizational unit | S2: myAccess SecondaryApprover (if required) | T2: Where should the group be available? | U2: CustomAttributex
A3: DomainNBName | B3: groupType | C3: sAMAccountName | D3: ManagedBy/zOwner | E3: mail | F3: Group Usage | G3: what will group grant access to | H3: BU that owns the group | I3: Where the group will be used | J3: Where applicable | K3: Please review the below statement and ensure the below description describes what this group will be usesd for (This field auto generates based on your selections in columns F - I) . DO NOT EDIT THIS COLUMN MANUALLY AS YOUR REQUEST WONT BE ACCEPTED | L3: member | M3: memberOf | N3: pamObjectType\adminDescription | O3: pamOwnerAPUID | P3: zurAzureSync | Q3: UnixEnabled | R3: OU | S3: ZurSecondaryApprover | T3: Gitdirqmm96 | U3: ldap name
K4: =IF(F4=""," ",(_xlfn.CONCAT(F4,VLOOKUP(F4,Dropdowns!$N$2:$R$19,2,1),G4,VLOOKUP(F4,Dropdowns!$N$2:$R$19,3,1),H4,VLOOKUP(F4,Dropdowns!$N$2:$R$19,4,1),I4,Dropdowns!R2,J4)))
K5: =IF(F5=""," ",(_xlfn.CONCAT(F5,VLOOKUP(F5,Dropdowns!$N$2:$R$19,2,1),G5,VLOOKUP(F5,Dropdowns!$N$2:$R$19,3,1),H5,VLOOKUP(F5,Dropdowns!$N$2:$R$19,4,1),I5,Dropdowns!R3,J5)))
K6: =IF(F6=""," ",(_xlfn.CONCAT(F6,VLOOKUP(F6,Dropdowns!$N$2:$R$19,2,1),G6,VLOOKUP(F6,Dropdowns!$N$2:$R$19,3,1),H6,VLOOKUP(F6,Dropdowns!$N$2:$R$19,4,1),I6,Dropdowns!R4,J6)))
K7: =IF(F7=""," ",(_xlfn.CONCAT(F7,VLOOKUP(F7,Dropdowns!$N$2:$R$19,2,1),G7,VLOOKUP(F7,Dropdowns!$N$2:$R$19,3,1),H7,VLOOKUP(F7,Dropdowns!$N$2:$R$19,4,1),I7,Dropdowns!R5,J7)))
K8: =IF(F8=""," ",(_xlfn.CONCAT(F8,VLOOKUP(F8,Dropdowns!$N$2:$R$19,2,1),G8,VLOOKUP(F8,Dropdowns!$N$2:$R$19,3,1),H8,VLOOKUP(F8,Dropdowns!$N$2:$R$19,4,1),I8,Dropdowns!R6,J8)))
K9: =IF(F9=""," ",(_xlfn.CONCAT(F9,VLOOKUP(F9,Dropdowns!$N$2:$R$19,2,1),G9,VLOOKUP(F9,Dropdowns!$N$2:$R$19,3,1),H9,VLOOKUP(F9,Dropdowns!$N$2:$R$19,4,1),I9,Dropdowns!R7,J9)))
K10: =IF(F10=""," ",(_xlfn.CONCAT(F10,VLOOKUP(F10,Dropdowns!$N$2:$R$19,2,1),G10,VLOOKUP(F10,Dropdowns!$N$2:$R$19,3,1),H10,VLOOKUP(F10,Dropdowns!$N$2:$R$19,4,1),I10,Dropdowns!R8,J10)))
K11: =IF(F11=""," ",(_xlfn.CONCAT(F11,VLOOKUP(F11,Dropdowns!$N$2:$R$19,2,1),G11,VLOOKUP(F11,Dropdowns!$N$2:$R$19,3,1),H11,VLOOKUP(F11,Dropdowns!$N$2:$R$19,4,1),I11,Dropdowns!R9,J11)))
K12: =IF(F12=""," ",(_xlfn.CONCAT(F12,VLOOKUP(F12,Dropdowns!$N$2:$R$19,2,1),G12,VLOOKUP(F12,Dropdowns!$N$2:$R$19,3,1),H12,VLOOKUP(F12,Dropdowns!$N$2:$R$19,4,1),I12,Dropdowns!R10,J12)))
K13: =IF(F13=""," ",(_xlfn.CONCAT(F13,VLOOKUP(F13,Dropdowns!$N$2:$R$19,2,1),G13,VLOOKUP(F13,Dropdowns!$N$2:$R$19,3,1),H13,VLOOKUP(F13,Dropdowns!$N$2:$R$19,4,1),I13,Dropdowns!R11,J13)))
K14: =IF(F14=""," ",(_xlfn.CONCAT(F14,VLOOKUP(F14,Dropdowns!$N$2:$R$19,2,1),G14,VLOOKUP(F14,Dropdowns!$N$2:$R$19,3,1),H14,VLOOKUP(F14,Dropdowns!$N$2:$R$19,4,1),I14,Dropdowns!R12,J14)))
K15: =IF(F15=""," ",(_xlfn.CONCAT(F15,VLOOKUP(F15,Dropdowns!$N$2:$R$19,2,1),G15,VLOOKUP(F15,Dropdowns!$N$2:$R$19,3,1),H15,VLOOKUP(F15,Dropdowns!$N$2:$R$19,4,1),I15,Dropdowns!#REF!,J15)))
K16: =IF(F16=""," ",(_xlfn.CONCAT(F16,VLOOKUP(F16,Dropdowns!$N$2:$R$19,2,1),G16,VLOOKUP(F16,Dropdowns!$N$2:$R$19,3,1),H16,VLOOKUP(F16,Dropdowns!$N$2:$R$19,4,1),I16,Dropdowns!R13,J16)))
K17: =IF(F17=""," ",(_xlfn.CONCAT(F17,VLOOKUP(F17,Dropdowns!$N$2:$R$19,2,1),G17,VLOOKUP(F17,Dropdowns!$N$2:$R$19,3,1),H17,VLOOKUP(F17,Dropdowns!$N$2:$R$19,4,1),I17,Dropdowns!R14,J17)))
K18: =IF(F18=""," ",(_xlfn.CONCAT(F18,VLOOKUP(F18,Dropdowns!$N$2:$R$19,2,1),G18,VLOOKUP(F18,Dropdowns!$N$2:$R$19,3,1),H18,VLOOKUP(F18,Dropdowns!$N$2:$R$19,4,1),I18,Dropdowns!R15,J18)))
K19: =IF(F19=""," ",(_xlfn.CONCAT(F19,VLOOKUP(F19,Dropdowns!$N$2:$R$19,2,1),G19,VLOOKUP(F19,Dropdowns!$N$2:$R$19,3,1),H19,VLOOKUP(F19,Dropdowns!$N$2:$R$19,4,1),I19,Dropdowns!R16,J19)))
K20: =IF(F20=""," ",(_xlfn.CONCAT(F20,VLOOKUP(F20,Dropdowns!$N$2:$R$19,2,1),G20,VLOOKUP(F20,Dropdowns!$N$2:$R$19,3,1),H20,VLOOKUP(F20,Dropdowns!$N$2:$R$19,4,1),I20,Dropdowns!R17,J20)))
K21: =IF(F21=""," ",(_xlfn.CONCAT(F21,VLOOKUP(F21,Dropdowns!$N$2:$R$19,2,1),G21,VLOOKUP(F21,Dropdowns!$N$2:$R$19,3,1),H21,VLOOKUP(F21,Dropdowns!$N$2:$R$19,4,1),I21,Dropdowns!R18,J21)))
K22: =IF(F22=""," ",(_xlfn.CONCAT(F22,VLOOKUP(F22,Dropdowns!$N$2:$R$19,2,1),G22,VLOOKUP(F22,Dropdowns!$N$2:$R$19,3,1),H22,VLOOKUP(F22,Dropdowns!$N$2:$R$19,4,1),I22,Dropdowns!R19,J22)))
K23: =IF(F23=""," ",(_xlfn.CONCAT(F23,VLOOKUP(F23,Dropdowns!$N$2:$R$19,2,1),G23,VLOOKUP(F23,Dropdowns!$N$2:$R$19,3,1),H23,VLOOKUP(F23,Dropdowns!$N$2:$R$19,4,1),I23,Dropdowns!R20,J23)))
K24: =IF(F24=""," ",(_xlfn.CONCAT(F24,VLOOKUP(F24,Dropdowns!$N$2:$R$19,2,1),G24,VLOOKUP(F24,Dropdowns!$N$2:$R$19,3,1),H24,VLOOKUP(F24,Dropdowns!$N$2:$R$19,4,1),I24,Dropdowns!R21,J24)))
K25: =IF(F25=""," ",(_xlfn.CONCAT(F25,VLOOKUP(F25,Dropdowns!$N$2:$R$19,2,1),G25,VLOOKUP(F25,Dropdowns!$N$2:$R$19,3,1),H25,VLOOKUP(F25,Dropdowns!$N$2:$R$19,4,1),I25,Dropdowns!R22,J25)))
K26: =IF(F26=""," ",(_xlfn.CONCAT(F26,VLOOKUP(F26,Dropdowns!$N$2:$R$19,2,1),G26,VLOOKUP(F26,Dropdowns!$N$2:$R$19,3,1),H26,VLOOKUP(F26,Dropdowns!$N$2:$R$19,4,1),I26,Dropdowns!R23,J26)))
K27: =IF(F27=""," ",(_xlfn.CONCAT(F27,VLOOKUP(F27,Dropdowns!$N$2:$R$19,2,1),G27,VLOOKUP(F27,Dropdowns!$N$2:$R$19,3,1),H27,VLOOKUP(F27,Dropdowns!$N$2:$R$19,4,1),I27,Dropdowns!R24,J27)))
... K301: =IF(F301=""," ",(_xlfn.CONCAT(F301,VLOOKUP(F301,Dropdowns!$N$2:$R$19,2,1),G301,VLOOKUP(F301,Dropdowns!$N$2:$R$19,3,1),H301,VLOOKUP(F301,Dropdowns!$N$2:$R$19,4,1),I301,Dropdowns!R298,J301)))
K302: =IF(F302="","",_xlfn.CONCAT(F302, VLOOKUP(CreateGroup!F302,Dropdowns!N302:R320,2,0), G302, VLOOKUP(CreateGroup!F302,Dropdowns!N302:R320,3,0),H302,VLOOKUP(CreateGroup!F302,Dropdowns!N302:R320,4,0),I302, VLOOKUP(CreateGroup!F302,Dropdowns!N302:R320,5,0)))
K303: =IF(F303="","",_xlfn.CONCAT(F303, VLOOKUP(CreateGroup!F303,Dropdowns!N303:R321,2,0), G303, VLOOKUP(CreateGroup!F303,Dropdowns!N303:R321,3,0),H303,VLOOKUP(CreateGroup!F303,Dropdowns!N303:R321,4,0),I303, VLOOKUP(CreateGroup!F303,Dropdowns!N303:R321,5,0)))
K304: =IF(F304="","",_xlfn.CONCAT(F304, VLOOKUP(CreateGroup!F304,Dropdowns!N304:R322,2,0), G304, VLOOKUP(CreateGroup!F304,Dropdowns!N304:R322,3,0),H304,VLOOKUP(CreateGroup!F304,Dropdowns!N304:R322,4,0),I304, VLOOKUP(CreateGroup!F304,Dropdowns!N304:R322,5,0)))
K305: =IF(F305="","",_xlfn.CONCAT(F305, VLOOKUP(CreateGroup!F305,Dropdowns!N305:R323,2,0), G305, VLOOKUP(CreateGroup!F305,Dropdowns!N305:R323,3,0),H305,VLOOKUP(CreateGroup!F305,Dropdowns!N305:R323,4,0),I305, VLOOKUP(CreateGroup!F305,Dropdowns!N305:R323,5,0)))

Sheet ModifyGroup
A1: Please note: Modification of Group description in Zurich.com (GITDIR) and Zurich.UAT will no longer be accepted via this form and should be processed via https://resourceowner.zurich.com <- Click Link
A2: Domain (NETBIOS Name) | B2: Name | C2: Add member Domain\SamAccontName (delimited by ';') | D2: Nesting (Make memberOf) Domain\SamAccontName (delimited by ';') | E2: REMOVE member Domain\SamAccontName (delimited by ';') '*' to remove all | F2: Remove nesting (Remove memberOf) Domain\SamAccontName (delimited by ';') | G2: Privileged Group will be consumed by PAM indicated by the value"Pgrp" | H2: Populated with APUID of the owner’s standard account | I2: Unix Enabled Group? | J2: Organizational unit | K2: Attribute1 | L2: Attribute2 | M2: AttributeX | N2: AttributeX | O2: COLUMNS P-S are required to update the description attribute | P2: What will the group be used for? | Q2: Application/Server/Database etc ) | R2: Business Unit | S2: Enviornment | T2: APP ID (from CMDB) | U2: Description (auto populated)
A3: DomainNBName | B3: sAMAccountName | C3: ADD member | D3: ADD memberOf | E3: REM member | F3: REM memberOf | G3: pamObjectType\adminDescription | H3: pamOwnerApuid | I3: UnixEnabled | J3: OU | K3: ManagedBy/zOwner | L3: mail | P3: Group Usage | Q3: what will group grant access to | R3: BU that owns the group | S3: Where the group will be used | T3: (use N/A if not applicable) | U3: Please review the below statement and ensure the below description describes what this group will be usesd for (This field auto generates based on your selections in columns F - I) . DO NOT EDIT THIS COLUMN MANUALLY AS YOUR REQUEST WONT BE ACCEPTED
A4: GITDIR | B4: storacct01workbenchp01-fileshare-workbench-p01-read | C4: adm-uszswn3 | P4: Application: | Q4: Application | R4: ZNA | S4: Production | T4: APPID-6174 | U4: =IF(P4=""," ",(_xlfn.CONCAT(P4,VLOOKUP(P4,Dropdowns!$N$2:$R$19,2,1),Q4,VLOOKUP(P4,Dropdowns!$N$2:$R$19,3,1),R4,VLOOKUP(P4,Dropdowns!$N$2:$R$19,4,1),S4,Dropdowns!AB2,Dropdowns!R2,T4,))) -> Application:Grants Access to the Application application. Group is owned by the ZNA BU in Production Environment.AppID:APPID-6174
A5: GITDIR | B5: storacct01workbenchp01-fileshare-workbench-p01-modify | C5: adm-uszswn3 | P5: Application: | Q5: Application | R5: ZNA | S5: Production | T5: APPID-6175 | U5: =IF(P5=""," ",(_xlfn.CONCAT(P5,VLOOKUP(P5,Dropdowns!$N$2:$R$19,2,1),Q5,VLOOKUP(P5,Dropdowns!$N$2:$R$19,3,1),R5,VLOOKUP(P5,Dropdowns!$N$2:$R$19,4,1),S5,Dropdowns!AB3,Dropdowns!R3,T5,))) -> Application:Grants Access to the Application application. Group is owned by the ZNA BU in Production Environment.AppID:APPID-6175
U6: =IF(P6=""," ",(_xlfn.CONCAT(P6,VLOOKUP(P6,Dropdowns!$N$2:$R$19,2,1),Q6,VLOOKUP(P6,Dropdowns!$N$2:$R$19,3,1),R6,VLOOKUP(P6,Dropdowns!$N$2:$R$19,4,1),S6,Dropdowns!AB4,Dropdowns!R4,T6,)))
U7: =IF(P7=""," ",(_xlfn.CONCAT(P7,VLOOKUP(P7,Dropdowns!$N$2:$R$19,2,1),Q7,VLOOKUP(P7,Dropdowns!$N$2:$R$19,3,1),R7,VLOOKUP(P7,Dropdowns!$N$2:$R$19,4,1),S7,Dropdowns!AB5,Dropdowns!R5,T7,)))
U8: =IF(P8=""," ",(_xlfn.CONCAT(P8,VLOOKUP(P8,Dropdowns!$N$2:$R$19,2,1),Q8,VLOOKUP(P8,Dropdowns!$N$2:$R$19,3,1),R8,VLOOKUP(P8,Dropdowns!$N$2:$R$19,4,1),S8,Dropdowns!AB6,Dropdowns!R6,T8,)))
U9: =IF(P9=""," ",(_xlfn.CONCAT(P9,VLOOKUP(P9,Dropdowns!$N$2:$R$19,2,1),Q9,VLOOKUP(P9,Dropdowns!$N$2:$R$19,3,1),R9,VLOOKUP(P9,Dropdowns!$N$2:$R$19,4,1),S9,Dropdowns!AB7,Dropdowns!R7,T9,)))
U10: =IF(P10=""," ",(_xlfn.CONCAT(P10,VLOOKUP(P10,Dropdowns!$N$2:$R$19,2,1),Q10,VLOOKUP(P10,Dropdowns!$N$2:$R$19,3,1),R10,VLOOKUP(P10,Dropdowns!$N$2:$R$19,4,1),S10,Dropdowns!AB8,Dropdowns!R8,T10,)))
U11: =IF(P11=""," ",(_xlfn.CONCAT(P11,VLOOKUP(P11,Dropdowns!$N$2:$R$19,2,1),Q11,VLOOKUP(P11,Dropdowns!$N$2:$R$19,3,1),R11,VLOOKUP(P11,Dropdowns!$N$2:$R$19,4,1),S11,Dropdowns!AB9,Dropdowns!R9,T11,)))
U12: =IF(P12=""," ",(_xlfn.CONCAT(P12,VLOOKUP(P12,Dropdowns!$N$2:$R$19,2,1),Q12,VLOOKUP(P12,Dropdowns!$N$2:$R$19,3,1),R12,VLOOKUP(P12,Dropdowns!$N$2:$R$19,4,1),S12,Dropdowns!AB10,Dropdowns!R10,T12,)))
U13: =IF(P13=""," ",(_xlfn.CONCAT(P13,VLOOKUP(P13,Dropdowns!$N$2:$R$19,2,1),Q13,VLOOKUP(P13,Dropdowns!$N$2:$R$19,3,1),R13,VLOOKUP(P13,Dropdowns!$N$2:$R$19,4,1),S13,Dropdowns!AB11,Dropdowns!R11,T13,)))
U14: =IF(P14=""," ",(_xlfn.CONCAT(P14,VLOOKUP(P14,Dropdowns!$N$2:$R$19,2,1),Q14,VLOOKUP(P14,Dropdowns!$N$2:$R$19,3,1),R14,VLOOKUP(P14,Dropdowns!$N$2:$R$19,4,1),S14,Dropdowns!AB12,Dropdowns!R12,T14,)))
U15: =IF(P15=""," ",(_xlfn.CONCAT(P15,VLOOKUP(P15,Dropdowns!$N$2:$R$19,2,1),Q15,VLOOKUP(P15,Dropdowns!$N$2:$R$19,3,1),R15,VLOOKUP(P15,Dropdowns!$N$2:$R$19,4,1),S15,Dropdowns!#REF!,Dropdowns!#REF!,T15,)))
U16: =IF(P16=""," ",(_xlfn.CONCAT(P16,VLOOKUP(P16,Dropdowns!$N$2:$R$19,2,1),Q16,VLOOKUP(P16,Dropdowns!$N$2:$R$19,3,1),R16,VLOOKUP(P16,Dropdowns!$N$2:$R$19,4,1),S16,Dropdowns!AB13,Dropdowns!R13,T16,)))
U17: =IF(P17=""," ",(_xlfn.CONCAT(P17,VLOOKUP(P17,Dropdowns!$N$2:$R$19,2,1),Q17,VLOOKUP(P17,Dropdowns!$N$2:$R$19,3,1),R17,VLOOKUP(P17,Dropdowns!$N$2:$R$19,4,1),S17,Dropdowns!AB14,Dropdowns!R14,T17,)))
U18: =IF(P18=""," ",(_xlfn.CONCAT(P18,VLOOKUP(P18,Dropdowns!$N$2:$R$19,2,1),Q18,VLOOKUP(P18,Dropdowns!$N$2:$R$19,3,1),R18,VLOOKUP(P18,Dropdowns!$N$2:$R$19,4,1),S18,Dropdowns!AB15,Dropdowns!R15,T18,)))
U19: =IF(P19=""," ",(_xlfn.CONCAT(P19,VLOOKUP(P19,Dropdowns!$N$2:$R$19,2,1),Q19,VLOOKUP(P19,Dropdowns!$N$2:$R$19,3,1),R19,VLOOKUP(P19,Dropdowns!$N$2:$R$19,4,1),S19,Dropdowns!AB16,Dropdowns!R16,T19,)))
U20: =IF(P20=""," ",(_xlfn.CONCAT(P20,VLOOKUP(P20,Dropdowns!$N$2:$R$19,2,1),Q20,VLOOKUP(P20,Dropdowns!$N$2:$R$19,3,1),R20,VLOOKUP(P20,Dropdowns!$N$2:$R$19,4,1),S20,Dropdowns!AB17,Dropdowns!R17,T20,)))
U21: =IF(P21=""," ",(_xlfn.CONCAT(P21,VLOOKUP(P21,Dropdowns!$N$2:$R$19,2,1),Q21,VLOOKUP(P21,Dropdowns!$N$2:$R$19,3,1),R21,VLOOKUP(P21,Dropdowns!$N$2:$R$19,4,1),S21,Dropdowns!AB18,Dropdowns!R18,T21,)))
U22: =IF(P22=""," ",(_xlfn.CONCAT(P22,VLOOKUP(P22,Dropdowns!$N$2:$R$19,2,1),Q22,VLOOKUP(P22,Dropdowns!$N$2:$R$19,3,1),R22,VLOOKUP(P22,Dropdowns!$N$2:$R$19,4,1),S22,Dropdowns!AB19,Dropdowns!R19,T22,)))
U23: =IF(P23=""," ",(_xlfn.CONCAT(P23,VLOOKUP(P23,Dropdowns!$N$2:$R$19,2,1),Q23,VLOOKUP(P23,Dropdowns!$N$2:$R$19,3,1),R23,VLOOKUP(P23,Dropdowns!$N$2:$R$19,4,1),S23,Dropdowns!AB20,Dropdowns!R20,T23,)))
U24: =IF(P24=""," ",(_xlfn.CONCAT(P24,VLOOKUP(P24,Dropdowns!$N$2:$R$19,2,1),Q24,VLOOKUP(P24,Dropdowns!$N$2:$R$19,3,1),R24,VLOOKUP(P24,Dropdowns!$N$2:$R$19,4,1),S24,Dropdowns!AB21,Dropdowns!R21,T24,)))
U25: =IF(P25=""," ",(_xlfn.CONCAT(P25,VLOOKUP(P25,Dropdowns!$N$2:$R$19,2,1),Q25,VLOOKUP(P25,Dropdowns!$N$2:$R$19,3,1),R25,VLOOKUP(P25,Dropdowns!$N$2:$R$19,4,1),S25,Dropdowns!AB22,Dropdowns!R22,T25,)))
U26: =IF(P26=""," ",(_xlfn.CONCAT(P26,VLOOKUP(P26,Dropdowns!$N$2:$R$19,2,1),Q26,VLOOKUP(P26,Dropdowns!$N$2:$R$19,3,1),R26,VLOOKUP(P26,Dropdowns!$N$2:$R$19,4,1),S26,Dropdowns!AB23,Dropdowns!R23,T26,)))
U27: =IF(P27=""," ",(_xlfn.CONCAT(P27,VLOOKUP(P27,Dropdowns!$N$2:$R$19,2,1),Q27,VLOOKUP(P27,Dropdowns!$N$2:$R$19,3,1),R27,VLOOKUP(P27,Dropdowns!$N$2:$R$19,4,1),S27,Dropdowns!AB24,Dropdowns!R24,T27,)))
... U297: =IF(P297=""," ",(_xlfn.CONCAT(P297,VLOOKUP(P297,Dropdowns!$N$2:$R$19,2,1),Q297,VLOOKUP(P297,Dropdowns!$N$2:$R$19,3,1),R297,VLOOKUP(P297,Dropdowns!$N$2:$R$19,4,1),S297,Dropdowns!AB294,Dropdowns!R294,T297,)))
U298: =IF(P298=""," ",(_xlfn.CONCAT(P298,VLOOKUP(P298,Dropdowns!$N$2:$R$19,2,1),Q298,VLOOKUP(P298,Dropdowns!$N$2:$R$19,3,1),R298,VLOOKUP(P298,Dropdowns!$N$2:$R$19,4,1),S298,Dropdowns!AB295,T298)))
U299: =IF(P299=""," ",(_xlfn.CONCAT(P299,VLOOKUP(P299,Dropdowns!$N$2:$R$19,2,1),Q299,VLOOKUP(P299,Dropdowns!$N$2:$R$19,3,1),R299,VLOOKUP(P299,Dropdowns!$N$2:$R$19,4,1),S299,Dropdowns!AB296,T299)))
U300: =IF(P300=""," ",(_xlfn.CONCAT(P300,VLOOKUP(P300,Dropdowns!$N$2:$R$19,2,1),Q300,VLOOKUP(P300,Dropdowns!$N$2:$R$19,3,1),R300,VLOOKUP(P300,Dropdowns!$N$2:$R$19,4,1),S300,Dropdowns!AB297,T300)))
U301: =IF(P301=""," ",(_xlfn.CONCAT(P301,VLOOKUP(P301,Dropdowns!$N$2:$R$19,2,1),Q301,VLOOKUP(P301,Dropdowns!$N$2:$R$19,3,1),R301,VLOOKUP(P301,Dropdowns!$N$2:$R$19,4,1),S301,Dropdowns!AB298,T301)))
U302: =IF(P302="","",_xlfn.CONCAT(P302, VLOOKUP(CreateGroup!P302,Dropdowns!X302:AB320,2,0), Q302, VLOOKUP(CreateGroup!P302,Dropdowns!X302:AB320,3,0),R302,VLOOKUP(CreateGroup!P302,Dropdowns!X302:AB320,4,0),S302, VLOOKUP(CreateGroup!P302,Dropdowns!X302:AB320,5,0)))
U303: =IF(P303="","",_xlfn.CONCAT(P303, VLOOKUP(CreateGroup!P303,Dropdowns!X303:AB321,2,0), Q303, VLOOKUP(CreateGroup!P303,Dropdowns!X303:AB321,3,0),R303,VLOOKUP(CreateGroup!P303,Dropdowns!X303:AB321,4,0),S303, VLOOKUP(CreateGroup!P303,Dropdowns!X303:AB321,5,0)))
U304: =IF(P304="","",_xlfn.CONCAT(P304, VLOOKUP(CreateGroup!P304,Dropdowns!X304:AB322,2,0), Q304, VLOOKUP(CreateGroup!P304,Dropdowns!X304:AB322,3,0),R304,VLOOKUP(CreateGroup!P304,Dropdowns!X304:AB322,4,0),S304, VLOOKUP(CreateGroup!P304,Dropdowns!X304:AB322,5,0)))
U305: =IF(P305="","",_xlfn.CONCAT(P305, VLOOKUP(CreateGroup!P305,Dropdowns!X305:AB323,2,0), Q305, VLOOKUP(CreateGroup!P305,Dropdowns!X305:AB323,3,0),R305,VLOOKUP(CreateGroup!P305,Dropdowns!X305:AB323,4,0),S305, VLOOKUP(CreateGroup!P305,Dropdowns!X305:AB323,5,0)))

Sheet Suspend
A1: Domain (NETBIOS Name) | B1: Name (LogonID)
A2: DomainNBName | B2: sAMAccountName

Sheet ResetPwd
A1: If you would like to set you own password for these accounts then please select "yes" for new password and we will reach out.
A2: Domain (NETBIOS Name) | B2: Name (LogonID) | C2: New Password
A3: DomainNBName | B3: sAMAccountName | C3: NewPwd

Sheet ProlongPwd
A1: Domain (NETBIOS Name) | B1: Name (LogonID)
A2: DomainNBName | B2: sAMAccountName

Sheet Folder Permissions
A1: This tab is for UK and Spain fileshares only. Please ensure the information entered is correct and that the data owner's approval is attached to your ServiceNow request. For more information about the below, please see the "Global GAD Form Instructions" document on the "IAS-Global GAD" item within ServiceNow.
A2: Domain (NETBIOS Name) | B2: Group Name | C2: Share Path | D2: Action | E2: Permission | F2: Restrict Folder | G2: Inherit Permissions | H2: Additional Comments
A3: DomainNBName | B3: sAMAccountName | C3: \\FullShareName\Example\Example folder | D3: GAD group action | E3: Permission Level | F3: Remove all other access groups from this folder ? | G3: Should all folders below have the same permissions? | H3: Any other relevant information
A4: Ezcorp | B4: CEGSEC_Example_GAD_GROUP | C4: \\wpsfukserver\HR_Folder\HR_data | D4: Add | E4: Read/Write/Modify | F4: Yes | G4: Yes

Sheet Reporting
A1: Group or User | B1: Domain | C1: Name of Group or User | D1: Description of what is required in report
A2: Group | B2: Ezcorp | C2: CEGSEC_Example_Group | D2: Please provide all members and their email addresses

Sheet GroupMigrations 
A1: Migrated groups will be created with the same name as their legacy domain name. If a group already exists on Zurich.com with a different name and you wish to link the SID history then please specify this.
A2: Domain (NETBIOS Name) | B2: Legacy Group Name (Group to be migrated) | C2: Target Group (Only required if group already exists on GITDIR) | D2: Owner | E2: Description | F2: Privileged Group will be consumed by PAM indicated by the value"Pgrp" | G2: Does this group contain Service Account only as members?
A3: DomainNBName | B3: sAMAccountName | C3: sAMAccountName | D3: ManagedBy/zOwner | E3: description | F3: pamObjectType\adminDescription | G3: Yes/No

Sheet UserMigrations
A1: Domain (NETBIOS Name) | B1: Source User ID (User to be migrated) | C1: TargetID (Name of Users ID on GITDIR)
A2: DomainNBName | B2: sAMAccountName | C2: sAMAccountName

Sheet ServiceAccountMigrations
A1: Note: SID History will not be migrated for Service Accounts. Access rights will not be carried over from the Source Domain to GITDIR. All access on the GITDIR Service Account will need to be requested as normal in PAM.
A2: Source Domain (NETBIOS Name) | B2: Source Service Account Name | C2: GITDIR Service Account Name
A3: DomainNBName | B3: sAMAccountName | C3: sAMAccountName

Sheet DeleteGroup
A1: Please note that in EMEA all groups requested for deletion will first be emptied of all members and deleted 14 days after. Groups from other regions will be deleted upon an approved request.
A2: Domain (NETBIOS Name) | B2: Name (LogonID) | C2: Is there any active access dependecies on this group?
A3: DomainNBName | B3: sAMAccountName | C3: Yes/No

Sheet Version control
A1: Date | B1: Changes | C1: Version | D1: Author | E1: Approved
A2: 43872 | B2: AD RIP updates | C2: 1 | D2: Ger Crowley | E2: Hugh Fitzpatrick
A3: 43923 | B3: ServiceAccount Migrations tab added GroupMigrations tab modified | C3: 2 | D3: Hugh Fitzpatrick | E3: Ger Crowley
A4: 43958 | B4: Added user migration tab and unix enabled options | C4: 3 | D4: Ger Crowley | E4: Hugh Fitzpatrick
A5: 43969 | B5: added Azure-enablement | C5: 4 | D5: Ger Crowley | E5: Ryan Whitney
A6: 44360 | B6: Added 0365 tab | C6: 5 | D6: Keith O Brien | E6: Ger Crowley

Sheet Control-Version-Change
B3: Document Management Information
B4: Document Title: [ ZURICH ] - AD BATCH DATA TEMPLATE
B5: Document Status: Consolidated
B7: Issue Details
B8: Release Date | C8: October-2011
B10: Amendment History
B11: Version No. | C11: Revision Date | D11: Amended By | E11: Particulars | F11: Approved by
B12: 1.0 | C12: 40829 | D12: Ivan Menendez Perez | E12: Quality process approved (CreateUser Worksheet modified as requested)
B14: Document Contact Details
B15: Role | C15: Name | D15: Designation
B16: Prepared by | C16: Ivan Menendez Perez | D16: Zürich GAD & Security Engineering
B17: Reviewer | C17: Ivan Menendez Perez | D17: Zürich GAD & Security Engineering
B18: Owner | C18: Ivan Menendez Perez | D18: Zürich GAD & Security Engineering
B20: Distribution List
B21: Name
B22: Zurich GAD Engineering & Zurich Gad Admin
B24: Reference Documents
B25: Document Name | C25: Document Number | D25: Version No.
B26: AD BATCH DATA TEMPLATE | C26: n/a | D26: n/a
